url,title,publish_date,source
https://www.benzinga.com/earnings,Earnings Calendar as of Jul 9th - Benzinga,Unknown,https://www.benzinga.com
https://www.benzinga.com/trading-ideas/short-ideas,Short Trading Ideas - Benzinga,Unknown,https://www.benzinga.com
https://www.benzinga.com/etfs,ETFs (Exchange Traded Funds) - Benzinga,Unknown,https://www.benzinga.com
https://www.benzinga.com/markets/earnings/25/07/46242298/exclusive-la-rosa-clocks-38-4-million-in-first-half-revenue-tops-3000-agents,"EXCLUSIVE: La Rosa Clocks $38.4 Million In First Half Revenue, Tops 3,000 Agents - La Rosa Holdings (NASDAQ:LRHC) - Benzinga",Unknown,https://www.benzinga.com
https://www.benzinga.com/money/insurance,Insurance - Benzinga,Unknown,https://www.benzinga.com
https://www.benzinga.com/futures,Futures - Benzinga,Unknown,https://www.benzinga.com
https://www.benzinga.com/after-hours-center,After-Hours Center - Latest News and breaking headlines - Benzinga,Unknown,https://www.benzinga.com
https://www.benzinga.com/apis,Financial Market Data & API’s - Benzinga,Unknown,https://www.benzinga.com
https://www.benzinga.com/analyst-stock-ratings/initiations,Analyst Stock Ratings Initiations,Unknown,https://www.benzinga.com
https://www.benzinga.com/personal-finance/entrepreneurship/25/07/46253166/mark-cuban-and-elon-musk-have-something-in-common-beyond-their-billions,"Mark Cuban And Elon Musk Have Something In Common Beyond Their Billions - Meta Platforms (NASDAQ:META), NVIDIA (NASDAQ:NVDA) - Benzinga",Unknown,https://www.benzinga.com
https://www.benzinga.com/money/best-credit-cards,Best Credit Cards • Benzinga,Unknown,https://www.benzinga.com
https://www.benzinga.com/quote/avax-usd,"Avalanche (AVAX/USD) Crypto Price, News and Market Data - Benzinga",Unknown,https://www.benzinga.com
https://www.benzinga.com/screener/top-momentum-stocks,"Top Momentum Stocks on July 09, 2025 - Benzinga",Unknown,https://www.benzinga.com
https://www.benzinga.com/trading-ideas/previews,Trading Ideas – Previews - Benzinga,Unknown,https://www.benzinga.com
https://www.benzinga.com/research/tools/100x-options-profit-calculator,Benzinga Research - Options Profit Calculator,Unknown,https://www.benzinga.com
https://www.benzinga.com/topic/stock-whisper-index,Stock Whisper Index - Latest News and breaking headlines - Benzinga,Unknown,https://www.benzinga.com
https://www.benzinga.com/quote/fmc,"FMC Stock Price, Quotes and Forecasts | NYSE:FMC | Benzinga",Unknown,https://www.benzinga.com
https://www.benzinga.com/trading-ideas/insider-trades/25/07/46311520/jeff-bezos-offloads-nearly-666-million-in-amazon-stock-adds-to-post-wedding-sell-off-streak,Jeff Bezos Offloads Nearly $666 Million In Amazon Stock — Adds To Post-Wedding Sell-Off Streak - Amazon.com (NASDAQ:AMZN) - Benzinga,Unknown,https://www.benzinga.com
https://www.benzinga.com/media,Media - Latest News and breaking headlines - Benzinga,Unknown,https://www.benzinga.com
https://www.benzinga.com/dividends,Dividend Calendar as of Jul 9th - Benzinga,Unknown,https://www.benzinga.com
https://www.benzinga.com/interview,Interview - Latest News and breaking headlines - Benzinga,Unknown,https://www.benzinga.com
https://www.benzinga.com/exclusives,Benzinga Exclusives,Unknown,https://www.benzinga.com
https://www.benzinga.com/markets/equities/25/07/46316743/jabil-stock-nears-key-timing-zone-is-a-peak-forming,Jabil Stock Nears Key Timing Zone: Is A Peak Forming? - Jabil (NYSE:JBL) - Benzinga,Unknown,https://www.benzinga.com
https://www.benzinga.com/general/politics,Politics - Latest News and breaking headlines - Benzinga,Unknown,https://www.benzinga.com
https://www.benzinga.com/free-newsletters,Free Newsletters | Benzinga,Unknown,https://www.benzinga.com
https://www.benzinga.com/quote/gm/news,Latest General Motors Stock News | NYSE:GM | Benzinga,Unknown,https://www.benzinga.com
https://www.benzinga.com/money/best-swing-trade-stocks,Best Swing Trade Stocks Right Now • Updated Daily • Benzinga,Unknown,https://www.benzinga.com
https://www.benzinga.com/quote/xxii,"22nd Century Group Stock Price, Quotes and Forecasts | NASDAQ:XXII | Benzinga",Unknown,https://www.benzinga.com
https://www.benzinga.com/markets/equities/25/07/46257842/la-rosa-holdings-lrhc-stock-dips-23-in-after-hours-shares-shed-intraday-gains-fueled-by-h1-2025-revenue-numbers,"La Rosa Holdings (LRHC) Stock Dips 23% In After Hours, Shares Shed Intraday Gains Fueled By H1 2025 Revenue Numbers - La Rosa Holdings (NASDAQ:LRHC) - Benzinga",Unknown,https://www.benzinga.com
https://www.benzinga.com/quote/nke/news,Latest Nike Stock News | NYSE:NKE | Benzinga,Unknown,https://www.benzinga.com
https://www.benzinga.com/tools,Financial Market Tools,Unknown,https://www.benzinga.com
https://www.benzinga.com/sitemap,Sitemap | Benzinga,Unknown,https://www.benzinga.com
https://www.benzinga.com/quote/btc-usd,"Bitcoin (BTC/USD) Crypto Price, News and Market Data - Benzinga",Unknown,https://www.benzinga.com
https://www.benzinga.com/quote/GLD,"SPDR Gold Trust  Price, Quotes and Forecasts | ARCA:GLD | Benzinga",Unknown,https://www.benzinga.com
https://www.benzinga.com/analyst-ratings/price-target,Analyst Price Targets - Benzinga,Unknown,https://www.benzinga.com
https://www.benzinga.com/quote/btc,"Grayscale Bitcoin Mini Trust (BTC) Common units of fractional undivided beneficial interest  Price, Quotes and Forecasts | ARCA:BTC | Benzinga",Unknown,https://www.benzinga.com
https://www.benzinga.com/research/tools/heatmap,Stock Heat Map By Sector - Benzinga,Unknown,https://www.benzinga.com
https://www.benzinga.com/trading-ideas/long-ideas/25/07/46264224/benzingas-stock-whisper-index-5-stocks-investors-secretly-monitor-but-dont-talk-about-yet-72,"Benzinga's 'Stock Whisper' Index: 5 Stocks Investors Secretly Monitor But Don't Talk About Yet - Gilead Sciences (NASDAQ:GILD), Franco-Nevada (NYSE:FNV)",Unknown,https://www.benzinga.com
https://kr.benzinga.com/,Benzinga Korea 한국,2025년 07월 09일,https://www.benzinga.com
https://www.benzinga.com/news/insider-trades,Insider Trades - Latest News and breaking headlines - Benzinga,Unknown,https://www.benzinga.com
https://www.benzinga.com/money/best-penny-stocks,Best Penny Stocks for Today (Charts Updated Daily) • Benzinga,Unknown,https://www.benzinga.com
https://www.benzinga.com/premarket,Premarket Movers & News,Unknown,https://www.benzinga.com
https://www.benzinga.com/quote/bac,"Bank of America Stock Price, Quotes and Forecasts | NYSE:BAC | Benzinga",Unknown,https://www.benzinga.com
https://www.benzinga.com/quote/dow,"Dow Stock Price, Quotes and Forecasts | NYSE:DOW | Benzinga",Unknown,https://www.benzinga.com
https://www.benzinga.com/crypto/cryptocurrency/25/07/46314139/polymarket-bettors-see-50-chance-of-fed-september-rate-cuts-as-trump-turns-up-heat-on-powell,Polymarket Bettors See 50% Chance Of Fed September Rate Cuts As Trump Turns Up Heat On Powell  - Benzinga,Unknown,https://www.benzinga.com
https://www.benzinga.com/money/best-stocks-to-day-trade,Best Stocks to Day Trade (Volatility and Substantial Volume Stocks) - Benzinga,Unknown,https://www.benzinga.com
https://www.benzinga.com/quote/QQQ,"Invesco QQQ Trust, Series 1  Price, Quotes and Forecasts | NASDAQ:QQQ | Benzinga",Unknown,https://www.benzinga.com
https://jp.benzinga.com/,Benzinga Japan ベンジンガジャパン│トレーダーのためのマーケットニュース,2025年07月09日,https://www.benzinga.com
https://www.benzinga.com/quote/lcid/news,Latest Lucid Group Stock News | NASDAQ:LCID | Benzinga,Unknown,https://www.benzinga.com
https://www.benzinga.com/markets/tech/25/07/46315651/nvidia-broadcom-avgo-stock-ai,Nvidia Is The Star - But Broadcom Is AI's Best-Kept Secret - Broadcom (NASDAQ:AVGO) - Benzinga,Unknown,https://www.benzinga.com
https://www.benzinga.com/topic/volatility,Volatility - Latest News and breaking headlines - Benzinga,Unknown,https://www.benzinga.com
https://www.benzinga.com/sec/insider-trades/,Insider Trades - Track Insider Buying & Selling Today - Benzinga,Unknown,https://www.benzinga.com
https://twitter.com/benzinga,No Title,Unknown,https://www.benzinga.com
https://www.benzinga.com/quote/sisi,"Shineco Stock Price, Quotes and Forecasts | NASDAQ:SISI | Benzinga",Unknown,https://www.benzinga.com
https://www.benzinga.com/money/best-prop-trading-firms,12 Best Prop Trading Firms in 2025 (That Actually Pay) • Benzinga,Unknown,https://www.benzinga.com
https://www.benzinga.com/quote/amzn,"Amazon.com Stock Price, Quotes and Forecasts | NASDAQ:AMZN | Benzinga",Unknown,https://www.benzinga.com
https://www.benzinga.com/pro,Benzinga Pro | Fast Stock Market News,Unknown,https://www.benzinga.com
https://www.benzinga.com/forex-profit-calculator,Forex Profit Calculator,Unknown,https://www.benzinga.com
https://apps.apple.com/us/app/benzinga-stock-news-tracker/id688949481,âBenzinga Financial News & Data on the AppÂ Store,"May 7, 2025",https://www.benzinga.com
https://advertise.benzinga.com,Home - Benzinga Advertising,"August 21, 2024",https://www.benzinga.com
https://www.benzinga.com/quote/SPY,"SPDR S&P 500  Price, Quotes and Forecasts | ARCA:SPY | Benzinga",Unknown,https://www.benzinga.com
https://pro.benzinga.com,Benzinga Pro | Fast Stock Market News,Unknown,https://www.benzinga.com
http://www.benzingastatus.com,StatusCake Public Report,Unknown,https://www.benzinga.com
https://www.benzinga.com/about,About - Benzinga,Unknown,https://www.benzinga.com
https://www.benzinga.com/gov-trades,Government Trades - Benzinga,Unknown,https://www.benzinga.com
https://www.benzinga.com/short-interest/largest-decrease,Largest Decrease in Short Interest Stock Positions - Benzinga,Unknown,https://www.benzinga.com
https://www.benzinga.com/money/personal-finance,Personal Finance - Benzinga,Unknown,https://www.benzinga.com
https://advertise.benzinga.com/,Home - Benzinga Advertising,"August 21, 2024",https://www.benzinga.com
https://jobs.benzinga.com/,%DOC_TITLE%Benzinga,Unknown,https://www.benzinga.com
https://www.benzinga.com/money/investing,"Investing • Guides, Tools, Reviews & More • Benzinga",Unknown,https://www.benzinga.com
https://www.benzinga.com/markets/forex,"Forex News, Resources and Education  • Benzinga",Unknown,https://www.benzinga.com
https://www.benzinga.com/screener/top-quality-stocks,"Top Quality Stocks on July 09, 2025 - Benzinga",Unknown,https://www.benzinga.com
https://www.benzinga.com/events,Benzinga Events | Bringing Together Traders & Investors,Unknown,https://www.benzinga.com
https://www.benzinga.com/topic/jim-cramer,Jim Cramer - Latest News and breaking headlines - Benzinga,Unknown,https://www.benzinga.com
https://www.benzinga.com/topic/donald-trump,Donald Trump - Latest News and breaking headlines - Benzinga,Unknown,https://www.benzinga.com
https://www.benzinga.com/crypto/cryptocurrency/25/07/46309766/most-crypto-apps-assume-youre-online-this-one-works-where-the-internet-doesnt,Most Crypto Apps Assume You're Online — This One Works Where The Internet Doesn't  - Benzinga,Unknown,https://www.benzinga.com
https://www.benzinga.com/crypto/25/07/46311660/bitcoin-ethereum-dogecoin-recover-even-as-trump-reiterates-august-tariff-deadline-analyst-sees-move-to-120000-130000-if-btc-breaks-above-this-silly-wall,"Bitcoin, Ethereum, Dogecoin Recover Even As Trump Reiterates August Tariff Deadline: Analyst Sees Move To $120,000-$130,000 If BTC Breaks Above This 'Silly Wall' - Grayscale Bitcoin Mini Trust (BTC) Common units of fractional undivided beneficial interest (ARCA:BTC) - Benzinga",Unknown,https://www.benzinga.com
https://www.benzinga.com/markets/small-cap/25/07/46292778/exclusive-cryoport-boosts-cold-chain-tech-with-new-shippers-designed-for-delays-and-rough-handling,EXCLUSIVE: Cryoport Boosts Cold Chain Tech With New Shippers Designed For Delays And Rough Handling - CryoPort (NASDAQ:CYRX) - Benzinga,Unknown,https://www.benzinga.com
https://www.benzinga.com/trading-ideas/dividends/25/07/46316746/wall-streets-most-accurate-analysts-weigh-in-on-3-materials-stocks-with-over-5-dividend-yields-2,"Wall Street's Most Accurate Analysts Weigh In On 3 Materials Stocks With Over 5% Dividend Yields - Dow (NYSE:DOW), FMC (NYSE:FMC) - Benzinga",Unknown,https://www.benzinga.com
https://www.benzinga.com/quote/ddog/news,Latest Datadog Stock News | NASDAQ:DDOG | Benzinga,Unknown,https://www.benzinga.com
https://www.benzinga.com/markets/commodities,Commodities - Latest News and breaking headlines - Benzinga,Unknown,https://www.benzinga.com
https://www.benzinga.com/topic/elon-musk,Elon Musk - Latest News and breaking headlines - Benzinga,Unknown,https://www.benzinga.com
https://www.benzinga.com/quote/BTC-USD,"Bitcoin (BTC/USD) Crypto Price, News and Market Data - Benzinga",Unknown,https://www.benzinga.com
https://www.benzinga.com/topic/healthcare,Healthcare - Latest News and breaking headlines - Benzinga,Unknown,https://www.benzinga.com
https://www.benzinga.com/trading-ideas,Stock Trading Ideas - Benzinga,Unknown,https://www.benzinga.com
https://www.benzinga.com/reports,All Reports - Benzinga,Unknown,https://www.benzinga.com
https://www.benzinga.com/quote/sanw,"S&W Seed Stock Price, Quotes and Forecasts | NASDAQ:SANW | Benzinga",Unknown,https://www.benzinga.com
https://www.benzinga.com/quote/doge-usd,"Dogecoin (DOGE/USD) Crypto Price, News and Market Data - Benzinga",Unknown,https://www.benzinga.com
https://it.benzinga.com,Benzinga Italia - Benzinga Italia,09/07/2025,https://www.benzinga.com
https://www.benzinga.com/real-estate,Real Estate - Latest News and breaking headlines - Benzinga,Unknown,https://www.benzinga.com
https://www.benzinga.com/quote/jbl,"Jabil Stock Price, Quotes and Forecasts | NYSE:JBL | Benzinga",Unknown,https://www.benzinga.com
https://www.benzinga.com/money,Money • Benzinga,Unknown,https://www.benzinga.com
https://www.benzinga.com/trading-ideas/long-ideas/25/07/46205646/exclusive-june-20-most-searched-tickers-on-benzinga-pro-where-do-coreweave-nvidia-apple-stock-rank,"EXCLUSIVE: June's 20 Most-Searched Tickers On Benzinga Pro - Apple (NASDAQ:AAPL), Advanced Micro Devices (NASDAQ:AMD)",Unknown,https://www.benzinga.com
https://www.benzinga.com/author/cme-group,Articles written by CME Group - Benzinga,Unknown,https://www.benzinga.com
https://www.benzinga.com/analyst-ratings/analyst-color,Analyst Color - Benzinga,Unknown,https://www.benzinga.com
https://www.benzinga.com/money/best-high-volume-penny-stocks,Best High-Volume Penny Stocks Right Now • Benzinga,Unknown,https://www.benzinga.com
https://www.benzinga.com/topic/stock-of-the-day,Stock Of The Day - Latest News and breaking headlines - Benzinga,Unknown,https://www.benzinga.com
https://www.benzinga.com/markets/bonds,Bonds - Latest News and breaking headlines - Benzinga,Unknown,https://www.benzinga.com
https://www.benzinga.com/quote/sol-usd,"Solana (SOL/USD) Crypto Price, News and Market Data - Benzinga",Unknown,https://www.benzinga.com
https://www.benzinga.com/news/small-cap,Small Caps - Latest News and breaking headlines - Benzinga,Unknown,https://www.benzinga.com
https://www.benzinga.com/money/mortgages,Todays Mortgage Rates - 15yr & 30yr (Compare) - Benzinga,Unknown,https://www.benzinga.com
https://www.benzinga.com/alternative-investments/startups,Invest In Startups - Benzinga,Unknown,https://www.benzinga.com
https://www.benzinga.com/markets/binary-options,Binary Options - Benzinga,Unknown,https://www.benzinga.com
https://www.benzinga.com/analyst-stock-ratings,"Today's Analyst Stock Ratings | Upgrades, Downgrades",Unknown,https://www.benzinga.com
https://www.benzinga.com/yield-investments,Best High Yield Investments to Earn - Benzinga,Unknown,https://www.benzinga.com
https://www.benzinga.com/research,Benzinga Research - Home,Unknown,https://www.benzinga.com
https://www.benzinga.com/news/rumors,Rumors - Latest News and breaking headlines - Benzinga,Unknown,https://www.benzinga.com
https://www.benzinga.com/analyst-stock-ratings/price-target/25/07/46316775/bank-of-america-likely-to-report-higher-q2-earnings-these-most-accurate-analysts-revise-forecasts-ahead-of-earnings-call,Bank of America Likely To Report Higher Q2 Earnings; These Most Accurate Analysts Revise Forecasts Ahead Of Earnings Call - Bank of America (NYSE:BAC) - Benzinga,Unknown,https://www.benzinga.com
https://www.benzinga.com/services,Benzinga Products,Unknown,https://www.benzinga.com
https://www.benzinga.com/markets/equities/25/07/46312401/dow-tumbles-over-150-points-amid-trump-tariffs-investor-sentiment-declines-fear-index-moves-to-greed-zone,"Dow Tumbles Over 150 Points Amid Trump Tariffs: Investor Sentiment Declines, Fear Index Moves To 'Greed' Zone - Methode Electronics (NYSE:MEI), AZZ (NYSE:AZZ) - Benzinga",Unknown,https://www.benzinga.com
https://www.benzinga.com/analyst-stock-ratings/downgrades,Analyst Stock Ratings Downgrades,Unknown,https://www.benzinga.com
https://www.benzinga.com/trading-ideas/long-ideas/25/07/46236448/exclusive-2025s-first-half-most-searched-tickers-on-benzinga-pro-where-do-nvidia-tesla-apple-stock-rank,"EXCLUSIVE: 2025's First Half Most-Searched Tickers On Benzinga Pro — Where Do Nvidia, Tesla, Apple Stock Rank? - Apple (NASDAQ:AAPL), Advanced Micro Devices (NASDAQ:AMD)",Unknown,https://www.benzinga.com
https://www.benzinga.com/markets/equities/25/07/46314496/us-stocks-likely-to-open-higher-trumps-tariff-clock-ticks-fed-likely-to-keep-rates-unchanged,"US Stocks Likely To Open Higher: Trump's Tariff Clock Ticks, Fed Likely To Keep Rates Unchanged - Aehr Test System (NASDAQ:AEHR), AZZ (NYSE:AZZ) - Benzinga",Unknown,https://www.benzinga.com
https://www.benzinga.com/money/best-sp-500-etfs,7 Best S&P 500 ETFs in July 2025 - Benzinga,Unknown,https://www.benzinga.com
https://www.benzinga.com/trading-ideas/technicals,Technical Trading Ideas - Benzinga,Unknown,https://www.benzinga.com
https://play.google.com/store/apps/details,Not Found,Unknown,https://www.benzinga.com
https://www.benzinga.com/money/crypto,Learn About Cryptocurrency - Benzinga,Unknown,https://www.benzinga.com
https://www.benzinga.com/quote/TLT,"iShares 20+ Year Treasury Bond ETF  Price, Quotes and Forecasts | NASDAQ:TLT | Benzinga",Unknown,https://www.benzinga.com
https://www.benzinga.com/crypto/25/07/46315623/anthony-scaramucci-once-slammed-dogecoin-other-memecoins-as-distraction-from-the-purity-of-bitcoin-this-is-the-stuff-that-would-aggravate-warren-buffett,"Anthony Scaramucci Once Slammed Dogecoin, Other Memecoins As 'Distraction' From The Purity Of Bitcoin — This Is The Stuff That Would Aggravate Warren Buffett - Grayscale Bitcoin Mini Trust (BTC) Common units of fractional undivided beneficial interest (ARCA:BTC) - Benzinga",Unknown,https://www.benzinga.com
https://www.benzinga.com/news/offerings,Offerings - Latest News and breaking headlines - Benzinga,Unknown,https://www.benzinga.com
https://www.benzinga.com/money/best-stock-brokers-in-the-us,Best Stock Brokers for 2025 • Benzinga,Unknown,https://www.benzinga.com
https://www.benzinga.com/analyst-stock-ratings/analyst-color/25/07/46259884/efficiently-inefficient-28-year-old-finance-pro-presents-paradox-for-an-ai-traded-future,Blue-Collar Roots At The Heart Of Newly-Launched Lloyd Financial  - Benzinga,Unknown,https://www.benzinga.com
https://www.benzinga.com/screener/top-growth-stocks,"Top Growth Stocks on July 09, 2025 - Benzinga",Unknown,https://www.benzinga.com
https://www.benzinga.com/topic/mining,Mining - Latest News and breaking headlines - Benzinga,Unknown,https://www.benzinga.com
https://www.benzinga.com/alternative-investments/real-estate,"Real Estate Investing Opportunities | Under $1,000 Available - Benzinga",Unknown,https://www.benzinga.com
https://www.benzinga.com/markets,"Stock Market News, Stock Quotes and Rankings, Stock Screener and Investment Analysis | Benzinga",Unknown,https://www.benzinga.com
https://fr.benzinga.com/,Benzinga France | Benzinga France,09/07/2025,https://www.benzinga.com
https://www.benzinga.com/money/how-to-become-a-day-trader,How to Become a Day Trader with $100: A Step-by-Step Guide • Benzinga,Unknown,https://www.benzinga.com
https://www.benzinga.com/movers,Stock Market Movers Today • Top Gainers & Losers - Benzinga,Unknown,https://www.benzinga.com
https://www.benzinga.com/crypto,"Cryptocurrency Market News, How To's & Educational Guides - Benzinga",Unknown,https://www.benzinga.com
https://www.benzinga.com/screener,No Title,Unknown,https://www.benzinga.com
https://www.benzinga.com/quote/hun,"Huntsman Stock Price, Quotes and Forecasts | NYSE:HUN | Benzinga",Unknown,https://www.benzinga.com
https://www.benzinga.com/m-a/25/07/46218019/exclusive-prairie-expands-dj-basin-footprint-with-12-5-million-edge-energy-deal,EXCLUSIVE: Prairie Expands DJ Basin Footprint With $12.5 Million Edge Energy Deal - Prairie Operating (NASDAQ:PROP) - Benzinga,Unknown,https://www.benzinga.com
https://www.benzinga.com/markets/equities/25/07/46258444/cognition-therapeutics-shares-jump-12-after-hours-following-encouraging-phase-2-alzheimers-trial-data,"Cognition Therapeutics Shares Jump 12% After Hours Following Encouraging Phase 2 Alzheimer's Trial Data - Cognition Therapeutics (NASDAQ:CGTX), InMed Pharmaceuticals (NASDAQ:INM) - Benzinga",Unknown,https://www.benzinga.com
https://www.benzinga.com/topic/digital-securities,Digital Securities - Latest News and breaking headlines - Benzinga,Unknown,https://www.benzinga.com
https://www.benzinga.com/money/what-you-need-to-know-about-technical-analysis,What is Technical Analysis? • Everything you Need to Know • Benzinga,Unknown,https://www.benzinga.com
https://www.benzinga.com/margin-calculator,Margin Calculator,Unknown,https://www.benzinga.com
https://www.benzinga.com/news/legal,Legal - Benzinga,Unknown,https://www.benzinga.com
https://www.benzinga.com/trading-ideas/long-ideas/25/07/46316741/top-3-risk-off-stocks-that-may-rocket-higher-in-q3,"Top 3 Risk Off Stocks That May Rocket Higher In Q3 - S&W Seed (NASDAQ:SANW), Shineco (NASDAQ:SISI) - Benzinga",Unknown,https://www.benzinga.com
https://www.benzinga.com/money/best-blue-chip-stocks,Best Blue Chip Stocks Right Now • Updated Daily • Benzinga,Unknown,https://www.benzinga.com
https://www.benzinga.com/money/best-small-cap-etfs,6 Best Small Cap ETFs to Buy (Updated July 2025) • Benzinga,Unknown,https://www.benzinga.com
https://www.benzinga.com/money/best-reits,Best REITs to Buy in July 2025 • Benzinga,Unknown,https://www.benzinga.com
https://www.benzinga.com/disclaimer,Disclaimer - Benzinga,Unknown,https://www.benzinga.com
https://www.benzinga.com/screener/top-value-stocks,"Top Value Stocks on July 09, 2025 - Benzinga",Unknown,https://www.benzinga.com
https://www.benzinga.com/news/management,Management - Latest News and breaking headlines - Benzinga,Unknown,https://www.benzinga.com
https://www.benzinga.com/news,News - Benzinga,Unknown,https://www.benzinga.com
https://www.benzinga.com/analyst-stock-ratings/upgrades,Analyst Stock Ratings Upgrades,Unknown,https://www.benzinga.com
https://www.benzinga.com/quote/DIA,"SPDR Dow Jones Industrial Average ETF  Price, Quotes and Forecasts | ARCA:DIA | Benzinga",Unknown,https://www.benzinga.com
https://www.benzinga.com/markets/options,Options News and Education - Benzinga,Unknown,https://www.benzinga.com
https://www.benzinga.com/news/buybacks,Buybacks - Latest News and breaking headlines - Benzinga,Unknown,https://www.benzinga.com
https://www.benzinga.com/short-interest/most-shorted,Most Shorted Stocks - Benzinga,Unknown,https://www.benzinga.com
https://www.benzinga.com/etfs/new-etfs/25/07/46203728/quantum-ai-nuclear-three-frontiers-one-launchpad-powered-by-defiance-etfs,"Quantum, AI, Nuclear: Defiance ETFs Bets on the Future - Defiance Daily Target 2x Short IONQ ETF (NASDAQ:IONZ), IonQ (NYSE:IONQ) - Benzinga",Unknown,https://www.benzinga.com
https://es.benzinga.com,Benzinga España | Noticias de economía y de la bolsa de Estados Unidos,09/07/2025,https://www.benzinga.com
https://www.benzinga.com/quote/nvda/news,Latest NVIDIA Stock News | NASDAQ:NVDA | Benzinga,Unknown,https://www.benzinga.com
https://www.benzinga.com/short-interest/largest-increase,Largest Increase in Short Interest Stock Positions - Benzinga,Unknown,https://www.benzinga.com
https://www.benzinga.com/trading-ideas/fundamental-analysis,What is Fundamental Analysis? • Benzinga,Unknown,https://www.benzinga.com
https://www.benzinga.com/trading-ideas/long-ideas,Long Trading Ideas - Benzinga,Unknown,https://www.benzinga.com
https://www.defenseworld.net/category/civil-aviation/manufacturers,Manufacturers,Unknown,https://www.defenseworld.net
https://www.defenseworld.net/category/land/ordinance-and-artillery,Ordinance and Artillery,Unknown,https://www.defenseworld.net
https://www.defenseworld.net/category/civil-aviation/engines-civil-aviation,Engines,Unknown,https://www.defenseworld.net
https://www.defenseworld.net/category/missiles-and-space,Missiles and Space,Unknown,https://www.defenseworld.net
https://www.defenseworld.net/category/companies,Companies,Unknown,https://www.defenseworld.net
https://www.defenseworld.net/author/jeffreyj,Author Archive for Jeffrey Neal Johnson,Unknown,https://www.defenseworld.net
https://www.defenseworld.net/category/naval,Naval,Unknown,https://www.defenseworld.net
https://www.defenseworld.net/2025/05/28/french-navy-forges-ahead-with-next-generation-naval-warfare.html,French Navy Forges Ahead with Next-Generation Naval Warfare - Defense World,Unknown,https://www.defenseworld.net
https://www.defenseworld.net/2025/07/09/jpmorgan-chase-co-nysejpm-shares-purchased-by-private-trust-co-na.html,JPMorgan Chase & Co. (NYSE:JPM) Shares Purchased by Private Trust Co. NA - Defense World,Unknown,https://www.defenseworld.net
https://www.defenseworld.net/2025/07/09/boise-cascade-l-l-c-nysebcc-shares-sold-by-new-york-state-teachers-retirement-system.html,"Boise Cascade, L.L.C. (NYSE:BCC) Shares Sold by New York State Teachers Retirement System - Defense World",Unknown,https://www.defenseworld.net
https://www.defenseworld.net/account,Account - Defense World,Unknown,https://www.defenseworld.net
https://www.defenseworld.net/2025/07/02/u-s-army-advances-air-defense-capabilities-with-new-ifpc-system.html,U.S. Army Advances Air Defense Capabilities with New IFPC System - Defense World,Unknown,https://www.defenseworld.net
https://www.defenseworld.net/category/economy,Economy,Unknown,https://www.defenseworld.net
https://www.defenseworld.net/category/air/fighter-aircraft,Fighter Aircraft,Unknown,https://www.defenseworld.net
https://accounts.google.com/o/oauth2/auth,Sign in – Google accounts,Unknown,https://www.defenseworld.net
https://www.defenseworld.net/2025/07/09/taiwan-initiates-largest-ever-military-drills.html,Taiwan Initiates Largest-Ever Military Drills  - Defense World,Unknown,https://www.defenseworld.net
https://www.defenseworld.net/category/air/armament,Armament,Unknown,https://www.defenseworld.net
https://www.defenseworld.net/2025/05/07/pechora-missile-upgrade-in-cuba-signals-deepening-ties.html,Pechora Missile Upgrade in Cuba Signals Deepening Ties  - Defense World,Unknown,https://www.defenseworld.net
https://www.defenseworld.net/2025/06/25/south-koreas-new-government-braces-for-tough-defense-talks-with-u-s.html,South Korea’s New Government Braces for Tough Defense Talks with U.S. - Defense World,Unknown,https://www.defenseworld.net
https://www.defenseworld.net/2025/07/09/miller-howard-investments-inc-ny-sells-60210-shares-of-jpmorgan-chase-co-nysejpm.html,"Miller Howard Investments Inc. NY Sells 60,210 Shares of JPMorgan Chase & Co. (NYSE:JPM) - Defense World",Unknown,https://www.defenseworld.net
https://www.defenseworld.net/2025/07/09/o-brien-wealth-partners-llc-acquires-280-shares-of-jpmorgan-chase-co-nysejpm.html,O Brien Wealth Partners LLC Acquires 280 Shares of JPMorgan Chase & Co. (NYSE:JPM) - Defense World,Unknown,https://www.defenseworld.net
https://www.defenseworld.net,Defense World,Unknown,https://www.defenseworld.net
https://www.defenseworld.net/2025/07/09/allspring-global-investments-holdings-llc-has-1-32-million-stock-position-in-hershey-company-the-nysehsy.html,Allspring Global Investments Holdings LLC Has $1.32 Million Stock Position in Hershey Company (The) (NYSE:HSY) - Defense World,Unknown,https://www.defenseworld.net
https://www.defenseworld.net/2025/07/09/dxc-technology-company-nysedxc-shares-sold-by-amalgamated-bank.html,DXC Technology Company. (NYSE:DXC) Shares Sold by Amalgamated Bank - Defense World,Unknown,https://www.defenseworld.net
https://www.defenseworld.net/category/missiles-and-space/air-defense,Air Defense,Unknown,https://www.defenseworld.net
https://www.defenseworld.net/2025/04/30/us-deploys-advanced-air-defense-system-to-africa-for-first-time.html,US Deploys Advanced Air Defense System to Africa for First Time - Defense World,Unknown,https://www.defenseworld.net
https://www.defenseworld.net/2025/07/09/amalgamated-bank-sells-298-shares-of-boise-cascade-l-l-c-nysebcc.html,"Amalgamated Bank Sells 298 Shares of Boise Cascade, L.L.C. (NYSE:BCC) - Defense World",Unknown,https://www.defenseworld.net
https://www.defenseworld.net/category/air,Air,Unknown,https://www.defenseworld.net
https://www.defenseworld.net/category/missiles-and-space/military-satellites,Military Satellites,Unknown,https://www.defenseworld.net
https://www.defenseworld.net/category/economy/management-appointments,Management Appointments,Unknown,https://www.defenseworld.net
https://www.defenseworld.net/2025/04/23/italy-boosts-intelligence-capabilities-with-drone-acquisition.html,Italy Boosts Intelligence Capabilities with Drone Acquisition - Defense World,Unknown,https://www.defenseworld.net
https://www.defenseworld.net/2025/07/09/roivant-sciences-ltd-nasdaqroiv-stock-position-decreased-by-new-york-state-teachers-retirement-system.html,Roivant Sciences Ltd. (NASDAQ:ROIV) Stock Position Decreased by New York State Teachers Retirement System - Defense World,Unknown,https://www.defenseworld.net
https://www.defenseworld.net/2025/07/09/new-york-state-teachers-retirement-system-reduces-holdings-in-blackstone-mortgage-trust-inc-nysebxmt.html,"New York State Teachers Retirement System Reduces Holdings in Blackstone Mortgage Trust, Inc. (NYSE:BXMT) - Defense World",Unknown,https://www.defenseworld.net
https://www.defenseworld.net/,Defense World,Unknown,https://www.defenseworld.net
https://www.defenseworld.net/2025/07/09/mainstream-capital-management-llc-grows-stock-holdings-in-jpmorgan-chase-co-nysejpm.html,Mainstream Capital Management LLC Grows Stock Holdings in JPMorgan Chase & Co. (NYSE:JPM) - Defense World,Unknown,https://www.defenseworld.net
https://www.defenseworld.net/category/civil-aviation/accidents,Accidents,Unknown,https://www.defenseworld.net
https://www.defenseworld.net/2025/07/09/fiduciary-group-llc-reduces-stake-in-jpmorgan-chase-co-nysejpm.html,Fiduciary Group LLC Reduces Stake in JPMorgan Chase & Co. (NYSE:JPM) - Defense World,Unknown,https://www.defenseworld.net
https://www.defenseworld.net/category/air/engines,Engines,Unknown,https://www.defenseworld.net
https://www.defenseworld.net/2025/07/09/davenport-co-llc-sells-194-shares-of-fortive-corporation-nyseftv.html,DAVENPORT & Co LLC Sells 194 Shares of Fortive Corporation (NYSE:FTV) - Defense World,Unknown,https://www.defenseworld.net
https://www.defenseworld.net/category/land,Land,Unknown,https://www.defenseworld.net
https://www.defenseworld.net/category/land/small-arms,Small Arms,Unknown,https://www.defenseworld.net
https://www.defenseworld.net/2025/04/16/real-and-serious-threat-china-accelerates-military-expansion.html,“Real and Serious Threat”: China Accelerates Military Expansion  - Defense World,Unknown,https://www.defenseworld.net
https://www.defenseworld.net/2025/07/09/arlington-trust-co-llc-cuts-holdings-in-jpmorgan-chase-co-nysejpm.html,Arlington Trust Co LLC Cuts Holdings in JPMorgan Chase & Co. (NYSE:JPM) - Defense World,Unknown,https://www.defenseworld.net
https://www.defenseworld.net/2025/07/09/private-trust-co-na-boosts-stake-in-ishares-sp-small-cap-600-value-etf-nysearcaijs.html,Private Trust Co. NA Boosts Stake in iShares S&P Small-Cap 600 Value ETF (NYSEARCA:IJS) - Defense World,Unknown,https://www.defenseworld.net
https://www.defenseworld.net/category/land/armored-vehicles-and-tanks,Armored Vehicles and Tanks,Unknown,https://www.defenseworld.net
https://www.defenseworld.net/2025/07/09/private-trust-co-na-acquires-62-shares-of-emcor-group-inc-nyseeme.html,"Private Trust Co. NA Acquires 62 Shares of EMCOR Group, Inc. (NYSE:EME) - Defense World",Unknown,https://www.defenseworld.net
https://www.defenseworld.net/2025/05/14/cambodia-and-china-launch-largest-ever-joint-military-drills.html,Cambodia and China Launch Largest-Ever Joint Military Drills - Defense World,Unknown,https://www.defenseworld.net
https://www.defenseworld.net/2025/07/09/jpmorgan-chase-co-nysejpm-is-alley-investment-management-company-llcs-largest-position.html,JPMorgan Chase & Co. (NYSE:JPM) is Alley Investment Management Company LLC’s Largest Position - Defense World,Unknown,https://www.defenseworld.net
https://www.defenseworld.net/2025/06/18/ethiopia-and-morocco-launch-joint-military-commission.html,Ethiopia and Morocco Launch Joint Military Commission - Defense World,Unknown,https://www.defenseworld.net
https://www.defenseworld.net/2025/04/02/greece-doubles-down-on-defense.html,Greece Doubles Down on Defense - Defense World,Unknown,https://www.defenseworld.net
https://www.defenseworld.net/about-us,About Us - Defense World,Unknown,https://www.defenseworld.net
https://www.defenseworld.net/2025/05/21/british-army-extends-javelins-reach.html,British Army Extends Javelin’s Reach - Defense World,Unknown,https://www.defenseworld.net
https://www.defenseworld.net/category/missiles-and-space/missile-technology,Missile Technology,Unknown,https://www.defenseworld.net
https://www.defenseworld.net/2025/07/09/mp-materials-corp-nysemp-stake-trimmed-by-new-york-state-teachers-retirement-system.html,MP Materials Corp. (NYSE:MP) Stake Trimmed by New York State Teachers Retirement System - Defense World,Unknown,https://www.defenseworld.net
https://www.defenseworld.net/2025/07/09/allspring-global-investments-holdings-llc-lowers-position-in-principal-financial-group-inc-nysepfg.html,"Allspring Global Investments Holdings LLC Lowers Position in Principal Financial Group, Inc. (NYSE:PFG) - Defense World",Unknown,https://www.defenseworld.net
https://www.defenseworld.net/category/economy/mergers-and-acquisitions,Mergers and Acquisitions,Unknown,https://www.defenseworld.net
https://www.defenseworld.net/category/civil-aviation/mro,MRO,Unknown,https://www.defenseworld.net
https://www.defenseworld.net/category/economy/market-trends-and-finance,Market Trends and Finance,Unknown,https://www.defenseworld.net
https://www.defenseworld.net/category/air/helicopters,Helicopters,Unknown,https://www.defenseworld.net
https://www.defenseworld.net/2025/06/04/army-tests-future-warfare-concepts-in-arcane-thunder-25-exercise.html,Army Tests Future Warfare Concepts in Arcane Thunder 25 Exercise - Defense World,Unknown,https://www.defenseworld.net
https://www.defenseworld.net/2025/04/09/greece-unveils-sweeping-27-billion-plan-for-military-transformation.html,Greece Unveils Sweeping $27 Billion Plan for Military Transformation - Defense World,Unknown,https://www.defenseworld.net
https://www.defenseworld.net/category/civil-aviation,Civil Aviation,Unknown,https://www.defenseworld.net
https://www.defenseworld.net/category/civil-aviation/airlines,Airlines,Unknown,https://www.defenseworld.net
https://www.defenseworld.net/2025/07/09/jpmorgan-chase-co-nysejpm-stock-position-reduced-by-pinnacle-financial-partners-inc.html,JPMorgan Chase & Co. (NYSE:JPM) Stock Position Reduced by Pinnacle Financial Partners Inc - Defense World,Unknown,https://www.defenseworld.net
https://www.defenseworld.net/2025/06/11/army-fast-tracks-future-assault-aircraft-eyes-2028-delivery.html,"Army Fast-Tracks Future Assault Aircraft, Eyes 2028 Delivery - Defense World",Unknown,https://www.defenseworld.net
https://www.defenseworld.net/category/land/personnel-equipment,Personnel Equipment,Unknown,https://www.defenseworld.net
https://www.insidermonkey.com/blog/cerence-crnc-inks-strategic-ev-partnership-with-mahindra-1565174,Cerence (CRNC) Inks Strategic EV Partnership with Mahindra - Insider Monkey,Unknown,https://www.insidermonkey.com
https://www.insidermonkey.com/insider-trading/company/tko+group+holdings+inc/1973266/,Tko Group Holdings Inc. (TKO) - Insider Monkey,Unknown,https://www.insidermonkey.com
https://www.insidermonkey.com/blog//category/lists,Lists - Insider Monkey,Unknown,https://www.insidermonkey.com
https://www.insidermonkey.com/hedge-fund/paulson+%26+co/18/,"John Paulson - Paulson & Co - 2025 13F Holdings, Performance, and AUM - Insider Monkey","May 15, 2025",https://www.insidermonkey.com
https://www.insidermonkey.com/blog/20-budget-friendly-corporate-gifts-for-employees-1307366,20 Budget-Friendly Corporate Gifts for Employees - Insider Monkey,Unknown,https://www.insidermonkey.com
https://www.insidermonkey.com/blog/26-most-dangerous-prisons-in-the-world-1311900,26 Most Dangerous Prisons In The World - Insider Monkey,Unknown,https://www.insidermonkey.com
https://www.insidermonkey.com/blog//category/we-disagree,We Disagree - Insider Monkey,Unknown,https://www.insidermonkey.com
https://www.insidermonkey.com/insider-trading/companies/,Browse Companies by Sector - Insider Monkey,Unknown,https://www.insidermonkey.com
https://www.insidermonkey.com/blog/category/futuresforex,Futures/Forex - Insider Monkey,Unknown,https://www.insidermonkey.com
https://www.insidermonkey.com/blog/10-worst-performing-currencies-of-2024-1461556,10 Worst Performing Currencies of 2024 - Insider Monkey,Unknown,https://www.insidermonkey.com
https://www.insidermonkey.com/blog/cervomed-strengthens-leadership-with-technical-operations-hire-to-advance-neflamapimod-toward-phase-3-1565246,CervoMed Strengthens Leadership with Technical Operations Hire to Advance Neflamapimod Toward Phase 3 - Insider Monkey,Unknown,https://www.insidermonkey.com
https://www.insidermonkey.com/blog/gxo-logistics-gxo-launches-ai-powered-platform-to-enhance-supply-chain-networks-1565206,GXO Logistics (GXO) Launches AI Powered Platform to Enhance Supply Chain Networks - Insider Monkey,Unknown,https://www.insidermonkey.com
https://www.insidermonkey.com/blog/top-10-affordable-cities-to-live-in-the-us-in-2024-1317355,Top 10 Affordable Cities to Live in the US in 2024 - Insider Monkey,Unknown,https://www.insidermonkey.com
https://www.insidermonkey.com/hedge-fund/berkshire+hathaway/1/,"Warren Buffett - Berkshire Hathaway - 2025 13F Holdings, Performance, and AUM - Insider Monkey","May 15, 2025",https://www.insidermonkey.com
https://www.insidermonkey.com/insider-trading/insider/steele-robert-a/1263473/,A Robert Steele - Insider Monkey,Unknown,https://www.insidermonkey.com
https://www.insidermonkey.com/blog/20-countries-with-the-highest-homeless-population-2-1507864,20 Countries with the Highest Homeless Population - Insider Monkey,Unknown,https://www.insidermonkey.com
https://www.insidermonkey.com/blog/hedge-fund-and-insider-trading-news-bill-ackman-michael-platt-scott-bessent-point72-asset-management-berkshire-hathaway-lakehouse-capital-exozymes-inc-exoz-and-more-1564290,"Hedge Fund and Insider Trading News: Bill Ackman, Michael Platt, Scott Bessent, Point72 Asset Management, Berkshire Hathaway, Lakehouse Capital, Exozymes Inc (EXOZ), and More - Insider Monkey",Unknown,https://www.insidermonkey.com
https://www.insidermonkey.com/insider-trading/company/pineapple+financial+inc/1938109/,Pineapple Financial Inc. (PAPL) - Insider Monkey,Unknown,https://www.insidermonkey.com
https://www.insidermonkey.com/insider-trading/insider/marin-kendall-leo/1954945/,Leo Kendall Marin - Insider Monkey,Unknown,https://www.insidermonkey.com
https://www.insidermonkey.com/hedge-fund/best-performing-hedge-funds/,Hedge Funds - Best Performing Hedge Funds - Insider Monkey,Unknown,https://www.insidermonkey.com
https://www.insidermonkey.com/blog/att-to-accelerate-fiber-buildout-by-1m-locations-annually-starting-2026-citing-one-big-beautiful-bill-act-1565252,"AT&T to Accelerate Fiber Buildout by 1M Locations Annually Starting 2026, Citing “One Big Beautiful Bill Act” - Insider Monkey",Unknown,https://www.insidermonkey.com
https://www.insidermonkey.com/blog/millrose-properties-mrp-announces-first-quarterly-dividend-after-spin-off-1565192,Millrose Properties (MRP) Announces First Quarterly Dividend after Spin-off - Insider Monkey,Unknown,https://www.insidermonkey.com
https://www.insidermonkey.com/insider-trading/education-center/,Why Track Insider Trading - Insider Trading Education Center - Insider Monkey,Unknown,https://www.insidermonkey.com
https://www.insidermonkey.com/blog//category/etf-trading,ETF Trading - Insider Monkey,Unknown,https://www.insidermonkey.com
https://www.insidermonkey.com/blog/category/macroeconomic-predictions,Macroeconomic Predictions - Insider Monkey,Unknown,https://www.insidermonkey.com
https://www.insidermonkey.com/blog/30-most-hated-cities-in-the-us-1308346,30 Most Hated Cities in the US - Insider Monkey,Unknown,https://www.insidermonkey.com
https://www.insidermonkey.com/insider-trading/company/meiragtx+holdings+plc/1735438/,Meiragtx Holdings Plc (MGTX) - Insider Monkey,"June 18, 2025, 3:30 pm",https://www.insidermonkey.com
https://www.insidermonkey.com/my-account/subscriptions,"Insider Trading & Hedge Fund Data, and Investment Newsletter From Insider Monkey",Unknown,https://www.insidermonkey.com
https://www.insidermonkey.com/blog/13-cheap-healthcare-stocks-with-huge-upside-potential-1564908,13 Cheap Healthcare Stocks with Huge Upside Potential - Insider Monkey,Unknown,https://www.insidermonkey.com
https://www.insidermonkey.com/blog//category/dividend-stocks,Dividend Stocks - Insider Monkey,Unknown,https://www.insidermonkey.com
https://www.insidermonkey.com/blog/25-countries-with-the-highest-alcohol-consumption-per-capita-1397309,25 Countries with the Highest Alcohol Consumption per Capita - Insider Monkey,Unknown,https://www.insidermonkey.com
https://www.insidermonkey.com/blog/t-mobile-completes-2b-florida-5g-network-expansion-1565250,T-Mobile Completes $2B Florida 5G Network Expansion - Insider Monkey,Unknown,https://www.insidermonkey.com
https://www.insidermonkey.com/hedge-fund/qvt+financial/306/,"Daniel Gold - QVT Financial - 2025 13F Holdings, Performance, and AUM - Insider Monkey","May 15, 2025",https://www.insidermonkey.com
https://www.insidermonkey.com/insider-trading/filing/7335621,Filing Details - Insider Monkey,Unknown,https://www.insidermonkey.com
https://www.insidermonkey.com/blog/20-most-industrialized-countries-in-asia-1331004,20 Most Industrialized Countries in Asia - Insider Monkey,Unknown,https://www.insidermonkey.com
https://www.insidermonkey.com/blog/vivopower-international-flare-partner-to-generate-yield-on-100m-in-xrp-1565289,"VivoPower International, Flare Partner to Generate Yield on $100M in XRP - Insider Monkey",Unknown,https://www.insidermonkey.com
https://www.insidermonkey.com/blog/30-cities-with-the-highest-weed-consumption-in-the-us-1400161,30 Cities with the Highest Weed Consumption in the US - Insider Monkey,Unknown,https://www.insidermonkey.com
https://www.insidermonkey.com/sitemap,Site Map - Insider Monkey,Unknown,https://www.insidermonkey.com
https://www.insidermonkey.com/blog/10-best-low-beta-tech-stocks-to-buy-according-to-analysts-1471341,10 Best Low Beta Tech Stocks to Buy According to Analysts - Insider Monkey,Unknown,https://www.insidermonkey.com
https://www.insidermonkey.com/blog/15-dangerous-jobs-that-pay-75000-or-more-1307933,"15 Dangerous Jobs That Pay $75,000 or More - Insider Monkey",Unknown,https://www.insidermonkey.com
https://www.insidermonkey.com/blog/faq/,Frequently Asked Questions - Insider Monkey,Unknown,https://www.insidermonkey.com
https://www.insidermonkey.com/blog/30-unhappiest-countries-in-the-world-in-2025-1534908,30 Unhappiest Countries in the World in 2025 - Insider Monkey,Unknown,https://www.insidermonkey.com
https://www.insidermonkey.com/hedge-fund/coliseum+capital/310/,"Christopher Shackelton And Adam Gray - Coliseum Capital - 2025 13F Holdings, Performance, and AUM - Insider Monkey","May 15, 2025",https://www.insidermonkey.com
https://www.insidermonkey.com/insider-trading/filing/7335413,Filing Details - Insider Monkey,Unknown,https://www.insidermonkey.com
https://www.insidermonkey.com/blog/jefferies-initiates-coverage-of-sandisk-sndk-with-a-buy-rating-and-a-60-price-target-1565214,Jefferies Initiates Coverage of SanDisk (SNDK) with a “Buy” Rating and a $60 Price Target - Insider Monkey,Unknown,https://www.insidermonkey.com
https://www.insidermonkey.com/blog/berenberg-rate-sunrise-communications-snre-as-a-hold-amid-swiss-growth-concerns-1565178,Berenberg Rate Sunrise Communications (SNRE) as a ‘Hold’ Amid Swiss Growth Concerns - Insider Monkey,Unknown,https://www.insidermonkey.com
https://www.insidermonkey.com/insider-trading/sales/,Latest Insider Sales - Page 1 - Insider Monkey,Unknown,https://www.insidermonkey.com
https://www.insidermonkey.com/blog/artelo-biosciences-art12-11-shows-promising-antidepressant-effects-in-preclinical-study-1565245,Artelo Biosciences’ ART12.11 Shows Promising Antidepressant Effects in Preclinical Study - Insider Monkey,Unknown,https://www.insidermonkey.com
https://www.insidermonkey.com/insider-trading/company/thumzup+media+corp/1853825/,Thumzup Media Corp (TZUP) - Insider Monkey,Unknown,https://www.insidermonkey.com
https://www.insidermonkey.com/blog/30-cities-with-the-highest-murders-per-capita-in-2024-in-the-world-1311897,30 Cities with The Highest Murders Per Capita in 2024 in the World - Insider Monkey,Unknown,https://www.insidermonkey.com
https://www.insidermonkey.com/blog/hedge-fund-and-insider-trading-news-ray-dalio-bill-ackman-warren-buffett-lone-pine-capital-brevan-howard-starboard-value-agilysys-inc-agys-simon-property-group-inc-spg-and-more-1563392,"Hedge Fund and Insider Trading News: Ray Dalio, Bill Ackman, Warren Buffett, Lone Pine Capital, Brevan Howard, Starboard Value, Agilysys Inc (AGYS), Simon Property Group Inc (SPG), and More - Insider Monkey",Unknown,https://www.insidermonkey.com
https://www.insidermonkey.com/blog/worthington-steel-ws-declares-0-16-quarterly-dividend-1565190,Worthington Steel (WS) Declares $0.16 Quarterly Dividend - Insider Monkey,Unknown,https://www.insidermonkey.com
https://www.insidermonkey.com/blog/20-countries-with-the-most-beautiful-women-in-the-world-2-1520031,20 Countries with the Most Beautiful Women in the World - Insider Monkey,Unknown,https://www.insidermonkey.com
https://twitter.com/insidermonkey,No Title,Unknown,https://www.insidermonkey.com
https://www.insidermonkey.com/insider-trading/insider/tannuzzo-gene-r/1849197/,R Gene Tannuzzo - Insider Monkey,Unknown,https://www.insidermonkey.com
https://www.insidermonkey.com/hedge-fund/education-center/why-track-hedge-funds/,Why Track Hedge Funds? - Hedge Fund Education Center - Insider Monkey,Unknown,https://www.insidermonkey.com
https://www.insidermonkey.com/blog/20-states-with-the-lowest-life-expectancy-in-the-us-1396552,20 States with the Lowest Life Expectancy in the US - Insider Monkey,Unknown,https://www.insidermonkey.com
https://www.insidermonkey.com/blog/haleon-hln-constructing-130m-global-oral-health-innovation-center-1565186,Haleon (HLN) Constructing £130m Global Oral Health Innovation Center - Insider Monkey,Unknown,https://www.insidermonkey.com
https://www.insidermonkey.com/blog/hedge-fund-and-insider-trading-news-chris-rokos-bill-ackman-warren-buffett-new-mountain-capital-jain-global-balyasny-asset-management-third-point-mueller-water-products-inc-mwa-snowflake-in-1564894,"Hedge Fund and Insider Trading News: Chris Rokos, Bill Ackman, Warren Buffett, New Mountain Capital, Jain Global, Balyasny Asset Management, Third Point, Mueller Water Products Inc (MWA), Snowflake Inc (SNOW), and More - Insider Monkey",Unknown,https://www.insidermonkey.com
https://www.insidermonkey.com/blog/10-best-defensive-stocks-to-buy-in-a-volatile-market-1565222,10 Best Defensive Stocks to Buy in a Volatile Market - Insider Monkey,Unknown,https://www.insidermonkey.com
https://www.insidermonkey.com/blog/foremost-clean-energy-to-begin-drilling-for-uranium-at-murphy-lake-south-this-month-1565241,Foremost Clean Energy to Begin Drilling for Uranium at Murphy Lake South This Month - Insider Monkey,Unknown,https://www.insidermonkey.com
https://www.insidermonkey.com/blog/15-most-underrated-states-in-the-us-1291405,15 Most Underrated States in the US - Insider Monkey,Unknown,https://www.insidermonkey.com
https://www.insidermonkey.com/blog/category/options,Options - Insider Monkey,Unknown,https://www.insidermonkey.com
https://www.insidermonkey.com/insider-trading/screener/,Insider Trading Data Screener - Insider Monkey,Unknown,https://www.insidermonkey.com
https://www.insidermonkey.com/blog/google-news-feed/,"Insider Monkey - Free Hedge Fund and Insider Trading DataInsider Monkey – Free Hedge Fund and Insider Trading Data – Free Hedge Fund and Insider Trading Data, Hedge Fund News, Financial Commentaries - News Feed",Unknown,https://www.insidermonkey.com
https://www.insidermonkey.com/blog/find-a-safe-haven-from-stock-market-fluctuations-rich-miner-cloud-mining-allows-you-to-obtain-stable-income-1565396,Find a safe haven from stock market fluctuations: RICH Miner cloud mining allows you to obtain stable income - Insider Monkey,Unknown,https://www.insidermonkey.com
https://www.insidermonkey.com/blog/10-best-growth-stocks-to-buy-with-huge-upside-potential-1565170,10 Best Growth Stocks to Buy With Huge Upside Potential - Insider Monkey,Unknown,https://www.insidermonkey.com
https://www.insidermonkey.com/insider-trading/filing/7335603,Filing Details - Insider Monkey,Unknown,https://www.insidermonkey.com
https://www.insidermonkey.com/blog/12-best-nasdaq-stocks-under-20-to-buy-now-1482151,12 Best Nasdaq Stocks Under $20 to Buy Now - Insider Monkey,Unknown,https://www.insidermonkey.com
https://www.insidermonkey.com/insider-trading/company/columbia+credit+income+opportunities+fund/2041900/,Columbia Credit Income Opportunities Fund - Insider Monkey,Unknown,https://www.insidermonkey.com
https://www.insidermonkey.com/blog/dbv-technologies-begins-pivotal-peanut-allergy-study-aims-for-2026-fda-submission-1565239,"DBV Technologies Begins Pivotal Peanut Allergy Study, Aims for 2026 FDA Submission. - Insider Monkey",Unknown,https://www.insidermonkey.com
https://www.insidermonkey.com/blog/,Insider Monkey News - Insider Monkey,Unknown,https://www.insidermonkey.com
https://www.insidermonkey.com/blog/20-countries-with-the-most-battle-tanks-in-the-world-1504835,20 Countries with the Most Battle Tanks in the World - Insider Monkey,Unknown,https://www.insidermonkey.com
https://www.insidermonkey.com/blog/10-best-genomics-stocks-to-buy-right-now-1392600,10 Best Genomics Stocks To Buy Right Now - Insider Monkey,Unknown,https://www.insidermonkey.com
https://www.insidermonkey.com/blog/category/industries,Industries - Insider Monkey,Unknown,https://www.insidermonkey.com
https://www.insidermonkey.com/do-not-sell-my-information/,Do Not Sell My Information - Insider Monkey,Unknown,https://www.insidermonkey.com
https://www.insidermonkey.com/blog/15-healthiest-countries-in-africa-1336793,15 Healthiest Countries In Africa - Insider Monkey,Unknown,https://www.insidermonkey.com
https://www.insidermonkey.com/premium/newsletters/all,"Insider Trading & Hedge Fund Data, and Investment Newsletter From Insider Monkey",Unknown,https://www.insidermonkey.com
https://www.insidermonkey.com/blog/category/tech-2,Tech - Insider Monkey,Unknown,https://www.insidermonkey.com
https://www.insidermonkey.com/insider-trading/company/resmed+inc/943819/,Resmed Inc (RMD) - Insider Monkey,"June 26, 2025, 5:41 pm",https://www.insidermonkey.com
https://www.insidermonkey.com/blog/16-countries-with-the-largest-proven-oil-reserves-in-the-world-1402537,16 Countries with the Largest Proven Oil Reserves in the World - Insider Monkey,Unknown,https://www.insidermonkey.com
https://www.insidermonkey.com/signup,"Insider Trading & Hedge Fund Data, and Investment Newsletter From Insider Monkey",Unknown,https://www.insidermonkey.com
https://www.insidermonkey.com/insider-trading/,Insider Trading - Insider Buys and Sells in Real-Time - Insider Monkey,Unknown,https://www.insidermonkey.com
https://www.insidermonkey.com/blog/insider-monkey-global-financial-development-index-1300000/,Insider Monkey Global Financial Development Index - Insider Monkey,Unknown,https://www.insidermonkey.com
https://www.insidermonkey.com/hedge-fund/worst-performing-hedge-funds/,Hedge Funds - Worst Performing Hedge Funds - Insider Monkey,Unknown,https://www.insidermonkey.com
https://www.insidermonkey.com/blog/10-most-undervalued-technology-stocks-to-buy-right-now-1565112,10 Most Undervalued Technology Stocks to Buy Right Now - Insider Monkey,Unknown,https://www.insidermonkey.com
https://www.insidermonkey.com/blog/15-most-successful-celebrity-beauty-companies-in-the-world-1328429,15 Most Successful Celebrity Beauty Companies in the World - Insider Monkey,Unknown,https://www.insidermonkey.com
https://www.insidermonkey.com/blog/category/hedge-funds/,Hedge Funds - Insider Monkey,Unknown,https://www.insidermonkey.com
https://www.insidermonkey.com/authors/,Insider Monkey Editors & Authors - Insider Monkey,Unknown,https://www.insidermonkey.com
https://www.insidermonkey.com/about-us/,About Us - Insider Monkey,Unknown,https://www.insidermonkey.com
https://www.insidermonkey.com/blog/adeia-inc-adea-rated-as-a-buy-at-roth-mkm-with-a-26-price-target-1565181,Adeia Inc. (ADEA) Rated as a Buy at Roth/MKM with a $26 Price Target - Insider Monkey,Unknown,https://www.insidermonkey.com
https://www.insidermonkey.com/search/,"Insider Trading & Hedge Fund Data, and Investment Newsletter From Insider Monkey",Unknown,https://www.insidermonkey.com
https://www.insidermonkey.com/,"Insider Trading & Hedge Fund Data, and Investment Newsletter From Insider Monkey",Unknown,https://www.insidermonkey.com
https://www.insidermonkey.com/blog/insider-monkey-global-vehicle-motorization-index-1302046/,Insider Monkey Global Vehicle Motorization Index - Insider Monkey,Unknown,https://www.insidermonkey.com
https://www.insidermonkey.com/blog/25-most-tropical-cities-in-the-us-1337231,25 Most Tropical Cities in the US - Insider Monkey,Unknown,https://www.insidermonkey.com
https://www.insidermonkey.com/blog/25-easiest-countries-to-get-laid-in-2024-1308785,25 Easiest Countries to Get Laid in 2024 - Insider Monkey,Unknown,https://www.insidermonkey.com
https://www.insidermonkey.com/search/all/,"Insider Trading & Hedge Fund Data, and Investment Newsletter From Insider Monkey",Unknown,https://www.insidermonkey.com
https://www.insidermonkey.com/insider-trading/education-center/why-track-insider-trading/0,Why Track Insider Trading - Insider Trading Education Center - Insider Monkey,Unknown,https://www.insidermonkey.com
https://www.insidermonkey.com/blog/20-countries-with-the-best-english-accent-in-the-world-2-1398926,20 Countries With The Best English Accent in The World - Insider Monkey,Unknown,https://www.insidermonkey.com
https://www.insidermonkey.com/insider-trading/latest-13dg-filings/,Latest 13D & 13G Filings - Insider Monkey,Unknown,https://www.insidermonkey.com
https://www.insidermonkey.com//blog/6-things-you-didnt-know-about-hedge-funds-334010/,6 Things You Didn’t Know About Hedge Funds - Insider Monkey,Unknown,https://www.insidermonkey.com
https://www.insidermonkey.com/blog/20-countries-with-the-strongest-armies-in-the-world-1396802,20 Countries with the Strongest Armies in the World - Insider Monkey,Unknown,https://www.insidermonkey.com
https://www.insidermonkey.com/insider-trading/filing/7335525,Filing Details - Insider Monkey,Unknown,https://www.insidermonkey.com
https://www.insidermonkey.com/premium/newsletters/quarterly,Premium - Quarterly Newsletter - Insider Monkey,Unknown,https://www.insidermonkey.com
https://www.insidermonkey.com/blog/izzi-software-expands-into-ibm-power-ecosystem-with-acquisition-of-cnx-corporation-1565235,Izzi Software Expands into IBM Power Ecosystem with Acquisition of CNX Corporation - Insider Monkey,Unknown,https://www.insidermonkey.com
https://www.insidermonkey.com/blog/concentra-group-holdings-con-strengthens-board-to-accelerate-growth-1565194,Concentra Group Holdings (CON) Strengthens Board to Accelerate Growth - Insider Monkey,Unknown,https://www.insidermonkey.com
https://www.insidermonkey.com/insider-trading/filing/7335604,Filing Details - Insider Monkey,Unknown,https://www.insidermonkey.com
https://www.insidermonkey.com/blog/25-cities-with-the-highest-homeless-population-in-the-world-1397282,25 Cities with the Highest Homeless Population in the World - Insider Monkey,Unknown,https://www.insidermonkey.com
https://www.insidermonkey.com/insider-trading/insider/winmill-%26-co-inc/52234/,Winmill & Co. Inc - Insider Monkey,Unknown,https://www.insidermonkey.com
https://www.insidermonkey.com/blog/category/press-releases/,Press Releases - Insider Monkey,Unknown,https://www.insidermonkey.com
https://www.insidermonkey.com/blog/30-cheapest-countries-in-the-world-in-2024-1321171,30 Cheapest Countries in the World in 2024 - Insider Monkey,Unknown,https://www.insidermonkey.com
https://www.insidermonkey.com/blog/25-european-cities-with-most-single-women-1307558,25 European Cities with Most Single Women - Insider Monkey,Unknown,https://www.insidermonkey.com
https://www.insidermonkey.com/blog/ge-aerospace-resumes-jet-engine-shipments-to-china-amid-easing-trade-tensions-1565254,GE Aerospace Resumes Jet Engine Shipments to China Amid Easing Trade Tensions - Insider Monkey,Unknown,https://www.insidermonkey.com
https://www.insidermonkey.com/blog/corteva-ctva-partners-micropep-technologies-on-sustainable-crop-protection-1565210,Corteva (CTVA) Partners Micropep Technologies on Sustainable Crop Protection - Insider Monkey,Unknown,https://www.insidermonkey.com
https://www.insidermonkey.com/blog/10-best-gold-stocks-under-30-1395440,10 Best Gold Stocks Under $30 - Insider Monkey,Unknown,https://www.insidermonkey.com
https://www.insidermonkey.com/hedge-fund/browse/,Hedge Funds - A - Insider Monkey,Unknown,https://www.insidermonkey.com
https://www.insidermonkey.com/my-account/premium-readership,"Insider Trading & Hedge Fund Data, and Investment Newsletter From Insider Monkey",Unknown,https://www.insidermonkey.com
https://www.insidermonkey.com/hedge-fund/renaissance+technologies/5/,"Jim Simons And Peter Brown - Renaissance Technologies - 2025 13F Holdings, Performance, and AUM - Insider Monkey","May 14, 2025",https://www.insidermonkey.com
https://www.insidermonkey.com/blog/ai-fire-sale-insider-monkeys-1-ai-stock-pick-is-on-a-steep-discount/,AI Fire Sale: Insider Monkey’s #1 AI Stock Pick Is On A Steep Discount - Insider Monkey,Unknown,https://www.insidermonkey.com
https://www.insidermonkey.com/blog//category/stock-analysis,Stock Analysis - Insider Monkey,Unknown,https://www.insidermonkey.com
https://www.insidermonkey.com/blog/concentrix-corp-cnxc-to-return-240m-to-shareholders-1565197,Concentrix Corp (CNXC) to Return $240M to Shareholders - Insider Monkey,Unknown,https://www.insidermonkey.com
https://www.insidermonkey.com/blog/20-us-cities-with-the-highest-homeless-population-per-capita-1518915,20 US Cities with the Highest Homeless Population Per Capita - Insider Monkey,Unknown,https://www.insidermonkey.com
https://www.insidermonkey.com/blog/top-20-u-s-cities-with-the-highest-murders-in-2024-1322769,Top 20 U.S. Cities with the Highest Murders in 2024 - Insider Monkey,Unknown,https://www.insidermonkey.com
https://www.insidermonkey.com/blog/13-best-cheap-perfumes-for-women-that-smell-amazing-1332126,13 Best Cheap Perfumes for Women That Smell Amazing - Insider Monkey,Unknown,https://www.insidermonkey.com
https://www.insidermonkey.com/hedge-fund/education-center/why-track-hedge-funds/0,Why Track Hedge Funds? - Hedge Fund Education Center - Insider Monkey,Unknown,https://www.insidermonkey.com
https://www.insidermonkey.com/blog/atai-life-sciences-beckley-psytech-announce-positive-topline-results-for-bpl-003-1565234,"Atai Life Sciences, Beckley Psytech Announce Positive Topline Results for BPL-003 - Insider Monkey",Unknown,https://www.insidermonkey.com
https://www.insidermonkey.com/blog/amentum-holdings-amtm-receives-360m-following-rapid-solutions-divestment-1565201,Amentum Holdings (AMTM) Receives $360M Following Rapid Solutions Divestment - Insider Monkey,Unknown,https://www.insidermonkey.com
https://www.insidermonkey.com/insider-trading/purchases/,Latest Insider Purchases - Page 1 - Insider Monkey,Unknown,https://www.insidermonkey.com
https://www.insidermonkey.com/hedge-fund/education-center/why-you-should-dump-your-hedge-funds/4,Why You Should Dump Your Hedge Funds - Hedge Fund Education Center - Insider Monkey,Unknown,https://www.insidermonkey.com
https://www.insidermonkey.com/blog/15-healthiest-countries-in-europe-1335616,15 Healthiest Countries in Europe - Insider Monkey,Unknown,https://www.insidermonkey.com
https://www.insidermonkey.com/blog/grail-gral-pt-hiked-to-38-at-morgan-stanley-amid-equal-weight-stance-1565188,Grail (GRAL) PT Hiked to $38 at Morgan Stanley amid ‘Equal Weight’ Stance - Insider Monkey,Unknown,https://www.insidermonkey.com
https://www.insidermonkey.com/blog/the-oncology-institute-becomes-exclusive-oncology-provider-for-80000-silversummit-healthplan-medicaid-members-1565247,"The Oncology Institute Becomes Exclusive Oncology Provider for 80,000+ SilverSummit Healthplan Medicaid Members - Insider Monkey",Unknown,https://www.insidermonkey.com
https://www.insidermonkey.com/hedge-fund/,Hedge Funds - Insider Monkey,Unknown,https://www.insidermonkey.com
https://www.insidermonkey.com/blog/microbot-medical-secures-china-patent-for-liberty-system-eyes-q3-2025-us-launch-1565249,"Microbot Medical Secures China Patent for LIBERTY System, Eyes Q3 2025 US Launch - Insider Monkey",Unknown,https://www.insidermonkey.com
https://www.insidermonkey.com/blog/15-states-with-the-best-weed-in-america-1445483,15 States with the Best Weed in America - Insider Monkey,Unknown,https://www.insidermonkey.com
https://www.insidermonkey.com/blog/best-cheap-perfume-for-women-that-smells-amazing-1332132,Best Cheap Perfume for Women That Smells Amazing - Insider Monkey,Unknown,https://www.insidermonkey.com
https://www.insidermonkey.com/blog/10-best-us-stocks-to-buy-and-hold-in-2025-1564441,10 Best US Stocks to Buy and Hold in 2025 - Insider Monkey,Unknown,https://www.insidermonkey.com
https://www.insidermonkey.com/hedge-fund/point72-asset-management/750/,"Steven A. Cohen - Point72 Asset Management - 2025 13F Holdings, Performance, and AUM - Insider Monkey","May 15, 2025",https://www.insidermonkey.com
https://www.insidermonkey.com/blog/20-gayest-cities-in-europe-1305342,20 Gayest Cities in Europe - Insider Monkey,Unknown,https://www.insidermonkey.com
https://www.insidermonkey.com/blog/20-african-countries-with-highest-divorce-rate-1308123,20 African Countries with Highest Divorce Rate - Insider Monkey,Unknown,https://www.insidermonkey.com
https://www.insidermonkey.com/blog/20-states-with-highest-female-to-male-ratio-in-the-us-1407271,20 States with Highest Female to Male Ratio in the US - Insider Monkey,Unknown,https://www.insidermonkey.com
https://www.insidermonkey.com/insider-trading/insider/khan-nick/1821220/,Nick Khan - Insider Monkey,Unknown,https://www.insidermonkey.com
https://www.insidermonkey.com/blog/category/market-movers,Market Movers - Insider Monkey,Unknown,https://www.insidermonkey.com
https://www.insidermonkey.com/insider-trading/company/bexil+investment+trust/1059213/,Bexil Investment Trust (BXSY) - Insider Monkey,Unknown,https://www.insidermonkey.com
https://www.insidermonkey.com/blog/inflation-rates-by-country-complete-2023-data-1340152/,Inflation Rates by Country: Complete 2023 Data - Insider Monkey,Unknown,https://www.insidermonkey.com
https://www.insidermonkey.com/blog/neuronetics-showcases-neurostar-tms-data-at-clinical-tms-meeting-1565243,Neuronetics Showcases NeuroStar TMS Data at Clinical TMS Meeting - Insider Monkey,Unknown,https://www.insidermonkey.com
https://www.insidermonkey.com/blog/category/news/,News - Insider Monkey,Unknown,https://www.insidermonkey.com
https://www.insidermonkey.com/blog/category/economy,Economy - Insider Monkey,Unknown,https://www.insidermonkey.com
https://www.insidermonkey.com/hedge-fund/trigran++investments/520/,"Douglas Granat - Trigran  Investments - 2025 13F Holdings, Performance, and AUM - Insider Monkey","May 13, 2025",https://www.insidermonkey.com
https://www.insidermonkey.com/blog/10-best-small-cap-robotics-stocks-to-buy-now-1564901,10 Best Small Cap Robotics Stocks to Buy Now - Insider Monkey,Unknown,https://www.insidermonkey.com
https://www.insidermonkey.com/blog/20-countries-with-the-best-economy-in-the-world-in-2024-1321227,20 Countries with the Best Economy in the World in 2024 - Insider Monkey,Unknown,https://www.insidermonkey.com
https://www.insidermonkey.com/blog//category/commodities,Commodities - Insider Monkey,Unknown,https://www.insidermonkey.com
https://www.insidermonkey.com/blog/20-countries-with-darkest-skin-color-in-the-world-1309204,20 Countries With Darkest Skin Color in the World - Insider Monkey,Unknown,https://www.insidermonkey.com
https://www.insidermonkey.com/blog/walmart-nitro-circus-launch-12-stop-retailtainment-tour-1565253,"Walmart, Nitro Circus Launch 12-Stop “Retailtainment” Tour - Insider Monkey",Unknown,https://www.insidermonkey.com
https://www.insidermonkey.com/blog/gh-research-responds-to-fda-clinical-hold-on-depression-treatment-gh001-ahead-of-schedule-1565244,GH Research Responds to FDA Clinical Hold on Depression Treatment GH001 Ahead of Schedule - Insider Monkey,Unknown,https://www.insidermonkey.com
https://www.insidermonkey.com/blog/moderna-inc-mrna-reports-strong-h5-avian-flu-vaccine-data-despite-hhs-funding-cut-1543068,"Moderna, Inc. (MRNA) Reports Strong H5 Avian Flu Vaccine Data Despite HHS Funding Cut - Insider Monkey",Unknown,https://www.insidermonkey.com
https://www.insidermonkey.com/blog/insider-monkey-global-education-index-1302991/,Insider Monkey Global Education Index - Insider Monkey,Unknown,https://www.insidermonkey.com
https://www.insidermonkey.com/blog/40-best-places-to-visit-in-europe-before-you-die-1308497,40 Best Places to Visit in Europe Before You Die - Insider Monkey,Unknown,https://www.insidermonkey.com
https://www.insidermonkey.com/blog/15-successful-spin-off-companies-and-their-2025-returns-1564803,15 Successful Spin-Off Companies and Their 2025 Returns - Insider Monkey,Unknown,https://www.insidermonkey.com
https://www.insidermonkey.com/hedge-fund/education-center/how-to-best-use-insider-monkey-to-increase-your-returns/2,How to Best Use Insider Monkey To Increase Your Returns - Hedge Fund Education Center - Insider Monkey,Unknown,https://www.insidermonkey.com
https://www.insidermonkey.com/blog/solventum-corp-solv-upgraded-to-a-buy-at-argus-research-1565203,Solventum Corp (SOLV) Upgraded to a ‘Buy’ at Argus Research - Insider Monkey,Unknown,https://www.insidermonkey.com
https://www.insidermonkey.com/insider-trading/insider/forbes-alexandria/1678604/,Alexandria Forbes - Insider Monkey,Unknown,https://www.insidermonkey.com
https://www.insidermonkey.com/insider-trading/insider/farrell-michael-j/1485164/,J. Michael Farrell - Insider Monkey,Unknown,https://www.insidermonkey.com
https://www.insidermonkey.com//blog/category/hedge-fund-analysis,Hedge Fund Analysis - Insider Monkey,Unknown,https://www.insidermonkey.com
https://www.insidermonkey.com/institutional-investor/browse/,Institutional Investors - A - Insider Monkey,Unknown,https://www.insidermonkey.com
https://www.insidermonkey.com/blog/i-mab-presents-promising-phase-1b-givastomig-combination-data-for-gastric-cancers-at-esmo-gi-2025-1565248,I-Mab Presents Promising Phase 1b Givastomig Combination Data for Gastric Cancers at ESMO GI 2025 - Insider Monkey,Unknown,https://www.insidermonkey.com
https://www.insidermonkey.com/blog/ibms-concert-cuts-patch-time-by-10x-deutsche-telekom-goes-all-in-on-ai-automation-1565399,IBM’s Concert Cuts Patch Time by 10x — Deutsche Telekom Goes All-In on AI Automation - Insider Monkey,Unknown,https://www.insidermonkey.com
https://www.insidermonkey.com//blog/category/transcripts,Transcripts - Insider Monkey,Unknown,https://www.insidermonkey.com
https://www.insidermonkey.com/hedge-fund/greenlight+capital/15/,"David Einhorn - Greenlight Capital - 2025 13F Holdings, Performance, and AUM - Insider Monkey","May 15, 2025",https://www.insidermonkey.com
https://www.insidermonkey.com/blog/16-highest-quality-chocolate-brands-in-the-us-1398239,16 Highest Quality Chocolate Brands in the US - Insider Monkey,Unknown,https://www.insidermonkey.com
https://www.insidermonkey.com/blog/the-most-successful-celebrity-beauty-company-in-the-world-1328433,The Most Successful Celebrity Beauty Company in the World - Insider Monkey,Unknown,https://www.insidermonkey.com
https://www.insidermonkey.com/blog/12-countries-with-the-highest-bond-yields-in-the-world-1502627,12 Countries with the Highest Bond Yields in the World - Insider Monkey,Unknown,https://www.insidermonkey.com
https://www.insidermonkey.com/blog/rtx-shield-ai-partner-to-integrate-advanced-ai-autonomy-into-defense-products-1565251,"RTX, Shield AI Partner to Integrate Advanced AI, Autonomy into Defense Products - Insider Monkey",Unknown,https://www.insidermonkey.com
https://www.insidermonkey.com//blog/category/hedge-fund-investor-letters,Hedge Fund Investor Letters - Insider Monkey,Unknown,https://www.insidermonkey.com
https://www.insidermonkey.com/blog//category/hedge-fund-analysis,Hedge Fund Analysis - Insider Monkey,Unknown,https://www.insidermonkey.com
https://www.insidermonkey.com/hedge-fund/soros+fund+management/2/,"George Soros - Soros Fund Management - 2025 13F Holdings, Performance, and AUM - Insider Monkey","May 15, 2025",https://www.insidermonkey.com
https://www.insidermonkey.com/blog/category/insider-trading/,Insider Trading - Insider Monkey,Unknown,https://www.insidermonkey.com
https://www.insidermonkey.com/premium/newsletters,Premium - Quarterly Newsletter - Insider Monkey,Unknown,https://www.insidermonkey.com
https://www.insidermonkey.com/blog/30-us-cities-with-highest-homicide-rates-in-2024-1293275,30 US Cities With Highest Homicide Rates In 2024 - Insider Monkey,Unknown,https://www.insidermonkey.com
https://www.insidermonkey.com/blog/top-13-english-speaking-countries-in-asia-1404478,Top 13 English Speaking Countries in Asia - Insider Monkey,Unknown,https://www.insidermonkey.com
https://www.insidermonkey.com/insider-trading/filing/7335477,Filing Details - Insider Monkey,Unknown,https://www.insidermonkey.com
https://www.insidermonkey.com/blog/20-best-places-for-sex-tourism-in-the-world-1307971,20 Best Places For Sex Tourism in the World - Insider Monkey,Unknown,https://www.insidermonkey.com
https://www.insidermonkey.com/insider-trading/filing/7335606,Filing Details - Insider Monkey,Unknown,https://www.insidermonkey.com
https://www.insidermonkey.com/blog/5-countries-with-the-most-beautiful-women-in-the-world-1521305,5 Countries with the Most Beautiful Women in the World - Insider Monkey,Unknown,https://www.insidermonkey.com
https://www.insidermonkey.com/blog/palvella-therapeutics-completes-enrollment-for-pivotal-phase-3-trial-of-qtorin-rapamycin-1565242,Palvella Therapeutics Completes Enrollment for Pivotal Phase 3 Trial of QTORIN Rapamycin - Insider Monkey,Unknown,https://www.insidermonkey.com
https://www.insidermonkey.com/blog/ge-vernova-inc-gev-receives-maintenance-order-from-rio-tinto-1565216,GE Vernova Inc. (GEV) Receives Maintenance Order from Rio Tinto - Insider Monkey,Unknown,https://www.insidermonkey.com
https://www.insidermonkey.com/blog//category/gold,Gold - Insider Monkey,Unknown,https://www.insidermonkey.com
https://xignite.com/,Market Data On Demand: Tailor-Made Solutions by QUODD,Unknown,https://www.fool.com
https://www.fool.ca,403 Forbidden,Unknown,https://www.fool.com
https://www.fool.com/retirement/plans/,Types of Retirement Plans: Which is Best for You? | The Motley Fool,Unknown,https://www.fool.com
https://www.fool.com/investing/stock-market/market-sectors/industrials/,5 Best Industrial Stocks to Buy in 2025 | The Motley Fool,Unknown,https://www.fool.com
https://www.fool.com/money/insurance/auto/,Auto Insurance Overview | The Motley Fool,"May 9, 2025",https://www.fool.com
https://www.fool.com/investing/2025/07/09/3-dividend-stocks-to-hold-for-the-next-30-years/,3 Dividend Stocks to Hold for the Next 30 Years | The Motley Fool,Unknown,https://www.fool.com
https://www.fool.com/investing/how-to-invest/stocks/,How to Invest in Stocks: Step-by-Step Beginner's Guide | The Motley Fool,Unknown,https://www.fool.com
https://www.fool.com/investing/how-to-invest/what-to-invest-in/,What to Invest In: Use Your Money to Make Money in 2025 | The Motley Fool,Unknown,https://www.fool.com
https://caps.fool.com/Index.aspx,Stock Research | Stock Picks - Motley Fool CAPS,Unknown,https://www.fool.com
https://www.fool.com/investing/stock-market/market-sectors/consumer-staples/,Best Consumer Staples Stocks to Buy in 2025 | The Motley Fool,Unknown,https://www.fool.com
https://www.fool.com/retirement/healthcare-in-retirement/,How to Plan for Healthcare Costs in Retirement | The Motley Fool,Unknown,https://www.fool.com
https://www.fool.com/about/reviews/,Motley Fool Reviews: What Our Members Think | The Motley Fool,Unknown,https://www.fool.com
https://www.fool.com/mms/mark/op-epic-direct-299,Access to this page has been denied,Unknown,https://www.fool.com
https://www.fool.com/money/,"Personal Finance Reviews by Motley Fool Money, a Motley Fool Brand",Unknown,https://www.fool.com
https://www.fool.com/legal/stuff-we-own/,Stuff We Own (and Stuff We Don't...) | The Motley Fool,Unknown,https://www.fool.com
https://www.fool.com/investing/how-to-invest/bonds/,How to Invest in Bonds: A Complete Guide | The Motley Fool,Unknown,https://www.fool.com
https://discussion.fool.com/,"Motley Fool Community - Fools helping Fools become smarter, happier and richer.",Unknown,https://www.fool.com
https://foolfoundation.org/,The Motley Fool Foundation – Financial Freedom for all,Unknown,https://www.fool.com
https://www.fool.com/money/credit-cards/reviews/,Expert Credit Card Reviews | The Motley Fool,"May 2, 2025",https://www.fool.com
https://www.fool.com/retirement/strategies/asset-allocation-by-age/,5 Things to Know About Asset Allocation | The Motley Fool,Unknown,https://www.fool.com
https://www.fool.com/retirement/plans/403b/,403(b) Plan: How it Works and Pros & Cons | The Motley Fool,Unknown,https://www.fool.com
https://www.fool.com/investing/top-stocks-to-buy-and-hold/,Best Stocks to Buy in July 2025 | The Motley Fool,Unknown,https://www.fool.com
https://www.fool.com/investing/2025/07/07/2-artificial-intelligence-stocks-that-could-help/,2 Artificial Intelligence (AI) Stocks That Could Help Make You a Millionaire | The Motley Fool,Unknown,https://www.fool.com
https://support.fool.com,Just a moment...,Unknown,https://www.fool.com
https://www.fool.com/money/credit-cards/guides-tools/,Credit Cards Guides and Tools | The Motley Fool,"April 24, 2025",https://www.fool.com
https://www.fool.com/investing/how-to-invest/,How to Invest Money: Best Way to Get Good Returns | The Motley Fool,Unknown,https://www.fool.com
https://www.fool.com/data-protection/ccpa-update/,Update data use preferences,Unknown,https://www.fool.com
https://www.fool.com/market-movers/,Top Stock Movers in the Market Today | The Motley Fool,Unknown,https://www.fool.com
https://www.fool.com/investing/2025/07/07/prediction-this-company-will-be-the-robotics-leade/,"Prediction: This Company Will Be the Robotics Leader, Not Tesla | The Motley Fool",Unknown,https://www.fool.com
https://www.fool.com/money/credit-cards/best-credit-cards/,"Best Credit Cards of July 2025: Top Cash Back, Travel, & Balance Transfer Cards | The Motley Fool","July 1, 2025",https://www.fool.com
https://www.fool.com/quote/djindices/^dji/,"Dow Jones Industrial Average (^DJI) Stock Price, News & Info | The Motley Fool",Unknown,https://www.fool.com
https://www.fool.com/retirement/plans/hsa/,Health Savings Accounts (HSAs) Explained | The Motley Fool,Unknown,https://www.fool.com
https://www.fool.com/investing/2025/07/07/once-in-a-decade-opportunity-alphabets-stock-looks/,A Once-in-a-Decade Opportunity: Alphabet's Stock Looks Like a Brilliant Buy Right Now | The Motley Fool,Unknown,https://www.fool.com
https://www.fool.com/money/banks/savings-accounts/best-savings-accounts/,Best High-Yield Savings Accounts of July 2025 (Up to 4.40%),"July 8, 2025",https://www.fool.com
https://www.fool.com/retirement/plans/401k/contribute-to-401k-and-ira/,Can I Contribute to an IRA and a 401(k)? | The Motley Fool,Unknown,https://www.fool.com
https://www.fool.com/investing/2025/07/07/the-smartest-growth-stock-to-buy-with-80-right-now/,The Smartest Growth Stock to Buy With $80 Right Now | The Motley Fool,Unknown,https://www.fool.com
https://www.fool.com/money/mortgages/rates/,Today's Mortgage Rates: Compare Current Interest Rates | The Motley Fool,Unknown,https://www.fool.com
https://www.fool.com/investing/2025/07/09/2-soaring-stocks-to-hold-for-the-next-20-years/,2 Soaring Stocks to Hold for the Next 20 Years | The Motley Fool,Unknown,https://www.fool.com
https://www.fool.com/investing/how-to-invest/etfs/,How to Invest in ETFs (Exchange-Traded Funds) | The Motley Fool,Unknown,https://www.fool.com
https://www.fool.com/investing/stock-market/indexes/,What Is a Stock Market Index? Defined and Listed | The Motley Fool,Unknown,https://www.fool.com
https://www.fool.com/investing/breakfast-news/,Start Your Mornings Smarter with Breakfast News | The Motley Fool,Unknown,https://www.fool.com
https://www.fool.com/quote/nasdaq/aapl/,"Apple (AAPL) Stock Price, News & Info | The Motley Fool",Unknown,https://www.fool.com
https://www.fool.com/retirement/,Retirement Planning: How to Plan Your Financial Journey | The Motley Fool,Unknown,https://www.fool.com
https://www.fool.com/mms/mark/e-foolcom-sa-top-nav-returns,Get Access to The Motley Fool's Latest Stock Picks,Unknown,https://www.fool.com
https://www.fool.com/retirement/plans/roth-ira/,"Roth IRA: Rules, Contribution Limits, and How to Get Started | The Motley Fool",Unknown,https://www.fool.com
https://www.fool.com/investing/how-to-invest/stocks/investment-strategies/,5 Best Long-Term Investment Strategies | The Motley Fool,Unknown,https://www.fool.com
https://www.fool.com/services/stock-advisor/,Stock Advisor | The Motley Fool,Unknown,https://www.fool.com
https://www.fool.com/investing/stock-market/market-sectors/healthcare/marijuana-stocks/,Best Marijuana Stocks for 2025: Cannabis Investing | The Motley Fool,Unknown,https://www.fool.com
https://x.com/TheMotleyFool,No Title,Unknown,https://www.fool.com
https://www.fool.com/quote/nasdaq/amzn/,"Amazon (AMZN) Stock Price, News & Info | The Motley Fool",Unknown,https://www.fool.com
https://twitter.com/themotleyfool,No Title,Unknown,https://www.fool.com
https://www.fool.com/investing-news/,Motley Fool News & Analysis | The Motley Fool,Unknown,https://www.fool.com
https://www.fool.com/quote/snpindex/^gspc/,"S&P 500 Index (^GSPC) Stock Price, News & Info | The Motley Fool",Unknown,https://www.fool.com
https://www.fool.com/markets/most-active-stocks/,Most Active Stocks With the Highest Trade Volume | The Motley Fool,Unknown,https://www.fool.com
https://www.fool.com/quote/nasdaq/nvda/,"Nvidia (NVDA) Stock Price, News & Info | The Motley Fool",Unknown,https://www.fool.com
https://www.pinterest.com/themotleyfool/,The Motley Fool (themotleyfool) - Profile | Pinterest,Unknown,https://www.fool.com
https://www.fool.com/investing/how-to-invest/stocks/how-to-invest-in-databricks/,How to Invest in Databricks in 2025 | The Motley Fool,Unknown,https://www.fool.com
https://www.fool.com/investing/2025/07/08/billionaires-sell-nvidia-stock-buy-ai-stock-up-200/,"Billionaires Sell Nvidia Stock and Buy an AI Stock Up 2,000% Since Early 2023 | The Motley Fool",Unknown,https://www.fool.com
https://www.fool.com/investing/how-to-invest/stocks/how-to-invest-in-nvidia-stock/,How to Buy Nvidia Stock (NVDA) | The Motley Fool,Unknown,https://www.fool.com
https://www.fool.com/about/the-motley-fools-publishing-standards/,The Motley Fool’s Publishing Standards | The Motley Fool,Unknown,https://www.fool.com
https://www.fool.com/investing/stock-market/market-sectors/healthcare/,5 Best Healthcare Stocks to Buy in 2025 | The Motley Fool,Unknown,https://www.fool.com
https://www.fool.com/investing/how-to-invest/stocks/how-to-buy-stock/,How to Buy Stock in 6 Steps | The Motley Fool,Unknown,https://www.fool.com
https://www.fool.com/research/largest-companies-by-market-cap/,The Largest Companies by Market Cap in 2025 | The Motley Fool,Unknown,https://www.fool.com
https://www.fool.com/investing/stock-market/market-sectors/information-technology/ai-stocks/chatgpt/,Can You Buy ChatGPT Stock? | The Motley Fool,Unknown,https://www.fool.com
https://www.fool.com/investing/how-to-invest/stocks/how-many-shares-buy-stock/,How Many Shares Should I Buy of a Stock? | The Motley Fool | The Motley Fool,Unknown,https://www.fool.com
https://www.fool.com/services/,Motley Fool Premium Services | The Motley Fool,Unknown,https://www.fool.com
https://www.fool.com/investing/2025/07/07/2-hot-ai-stocks-to-sell-before-they-fall-25-accord/,"2 Hot AI Stocks to Sell Before They Fall 25%, According to Wall Street Analysts | The Motley Fool",Unknown,https://www.fool.com
https://careers.fool.com/,403 Forbidden,Unknown,https://www.fool.com
https://www.fool.com/investing/2025/07/08/billionaire-stanley-druckenmiller-sold-palantir/,Billionaire Stanley Druckenmiller Sold His Entire Stake in Palantir in Favor of a Smoking-Hot High-Yield Dividend Stock That's Doubled in 15 Months | The Motley Fool,Unknown,https://www.fool.com
https://api.fool.com/infotron/splitter/route/article-template-button,No Title,Unknown,https://www.fool.com
https://www.fool.com/retirement/social-security/spousal-benefits/,Social Security Spousal Benefits | The Motley Fool,Unknown,https://www.fool.com
https://www.fool.com/money/personal-loans/reviews/,Personal Loans Reviews | The Motley Fool,Unknown,https://www.fool.com
https://www.fool.com/about/,About The Motley Fool | The Motley Fool,Unknown,https://www.fool.com
https://www.fool.com/quote/nasdaq/goog/,"Alphabet (GOOG) Stock Price, News & Info | The Motley Fool",Unknown,https://www.fool.com
https://www.fool.com/research/best-states-to-retire/,Best States to Retire in 2025: Where to Retire | The Motley Fool,Unknown,https://www.fool.com
https://www.fool.com/affiliates/foundation/,The Motley Fool | The Motley Fool,Unknown,https://www.fool.com
https://www.fool.com/money/banks/reviews/,Bank and Credit Union Reviews from The Motley Fool's Experts,"June 6, 2025",https://www.fool.com
https://caps.fool.com/,Stock Research | Stock Picks - Motley Fool CAPS,Unknown,https://www.fool.com
https://www.fool.com/investing/how-to-invest/index-funds/,How to Invest in Index Funds: A Beginner's Guide | The Motley Fool,Unknown,https://www.fool.com
https://www.fool.com/affiliates/mfwm/,The Motley Fool | The Motley Fool,Unknown,https://www.fool.com
https://www.fool.com/legal/accessibility-policy/,Motley Fool Accessibility Policy | The Motley Fool,Unknown,https://www.fool.com
https://www.fool.com/services/one/,One | The Motley Fool,Unknown,https://www.fool.com
https://www.fool.com/markets/top-stock-gainers/,Today’s Biggest Stock Gainers and Winners | The Motley Fool,Unknown,https://www.fool.com
https://www.fool.com/quote/nasdaq/msft/,"Microsoft (MSFT) Stock Price, News & Info | The Motley Fool",Unknown,https://www.fool.com
https://www.fool.com/calculators/index/,Foolish Calculators | The Motley Fool,Unknown,https://www.fool.com
https://www.fool.com/research/,Investing Statistics and Survey Data | The Motley Fool,Unknown,https://www.fool.com
https://www.fool.com/podcasts/rule-breaker-investing/,Rule Breaker Investing - Motley Fool Podcasts | The Motley Fool,Unknown,https://www.fool.com
https://www.fool.com/investing/2025/07/08/predict-artificial-intelligence-ai-chip-nvidia/,Prediction: This Artificial Intelligence (AI) Giant Will More Than Triple Its AI Chip Revenue in 3 Years. (Hint: Not Nvidia) | The Motley Fool,Unknown,https://www.fool.com
https://www.fool.com/affiliates/ventures/,The Motley Fool | The Motley Fool,Unknown,https://www.fool.com
https://www.fool.com/retirement/social-security/colas/,Social Security COLA for 2025 | The Motley Fool,Unknown,https://www.fool.com
https://www.fool.com/investing/2025/07/08/best-stock-to-buy-right-now-uber-vs-tesla/,Best Stock to Buy Right Now: Uber vs. Tesla | The Motley Fool,Unknown,https://www.fool.com
https://www.fool.com/investing/stock-market/market-sectors/,Stock Market Sectors: 11 Official GICS Groups | The Motley Fool,Unknown,https://www.fool.com
https://www.fool.com/investing/how-to-invest/index-funds/best-index-funds/,8 Best Index Funds in July 2025 | The Motley Fool,Unknown,https://www.fool.com
https://polygon.io/,Polygon.io - Stock Market API,"Jun 6, 2025",https://www.fool.com
